Fur,Headwear,Eyewear,Outfit,Neck Accessory,Expression,Background
sand brown,wide brim hat,square sunglasses,plaid overshirt,diamond dog tag,confident,bright orange
cream,flat cap,luxury black sunglasses,yellow designer jacket,silver pendant chain,luxury smirk,bright cyan
cream,beret,square sunglasses,galaxy print jacket,none,luxury smirk,bright teal
golden brown,none,sport sunglasses,black leather jacket,silver pendant chain,serious,bright cyan
charcoal black,bowler hat,square sunglasses,orange bomber jacket,gold cuban chain,luxury smirk,bright teal
ash gray,baseball cap,gold rim sunglasses,purple velvet blazer,gold cuban chain,relaxed,bright lavender
ivory,wide brim hat,square sunglasses,purple velvet blazer,gold cuban chain,relaxed,bright lavender
silver gray,baseball cap,square sunglasses,black luxury shirt,silver cuban chain,luxury smirk,bright blue
ash gray,newsboy cap,gold rim sunglasses,rockstar stage jacket,thick gold chain,relaxed,bright blue
charcoal black,cowboy hat,none,luxury streetwear hoodie,gold pendant chain,relaxed,bright lavender
ash gray,newsboy cap,aviator sunglasses,black leather jacket,silver cuban chain,calm,bright yellow
jet black,bowler hat,round sunglasses,luxury streetwear hoodie,gold pendant chain,calm,bright pink
ash gray,cowboy hat,luxury black sunglasses,black leather jacket,none,luxury smirk,bright cyan
jet black,newsboy cap,aviator sunglasses,blue luxury shirt,gold pendant chain,luxury smirk,bright lavender
sand brown,cowboy hat,luxury black sunglasses,denim jacket,silver cuban chain,calm,bright yellow
walnut brown,wide brim hat,round sunglasses,racing jacket,gold cuban chain,determined,bright yellow
ivory,wide brim hat,round sunglasses,multicolor graffiti jacket,gold pendant chain,calm,bright coral
cream,flat cap,sport sunglasses,white suit jacket,gold pendant chain,luxury smirk,bright yellow
sand brown,beret,aviator sunglasses,plaid overshirt,silver cuban chain,determined,bright purple
cream,cowboy hat,none,red luxury shirt,gold cuban chain,serious,bright lime
jet black,newsboy cap,luxury black sunglasses,luxury streetwear hoodie,none,confident,bright lavender
dark brown,beret,square sunglasses,denim jacket,thick gold chain,determined,bright pink
silver gray,newsboy cap,aviator sunglasses,racing jacket,gold pendant chain,determined,bright yellow
charcoal black,baseball cap,luxury black sunglasses,multicolor graffiti jacket,gold pendant chain,calm,bright red
cream,newsboy cap,aviator sunglasses,black leather jacket,diamond dog tag,calm,bright lime
charcoal black,flat cap,round sunglasses,yellow designer jacket,none,calm,bright cyan
ash gray,baseball cap,gold rim sunglasses,luxury streetwear hoodie,silver pendant chain,confident,bright cyan
charcoal black,newsboy cap,none,orange bomber jacket,diamond dog tag,luxury smirk,bright coral
charcoal black,baseball cap,gold rim sunglasses,white suit jacket,diamond dog tag,determined,bright purple
ivory,flat cap,none,green varsity jacket,diamond dog tag,luxury smirk,bright lime
jet black,wide brim hat,none,yellow designer jacket,gold cuban chain,luxury smirk,bright red
ash gray,beret,sport sunglasses,orange bomber jacket,silver pendant chain,determined,bright yellow
jet black,wide brim hat,sport sunglasses,denim jacket,none,focused,bright orange
cream,bowler hat,gold rim sunglasses,galaxy print jacket,diamond dog tag,confident,bright yellow
ash gray,bowler hat,sport sunglasses,green varsity jacket,thick gold chain,calm,bright lavender
sand brown,fedora,round sunglasses,racing jacket,none,determined,bright lime
jet black,flat cap,aviator sunglasses,orange bomber jacket,thick gold chain,relaxed,bright orange
jet black,bucket hat,gold rim sunglasses,orange bomber jacket,thick gold chain,confident,bright mint
jet black,newsboy cap,round sunglasses,galaxy print jacket,thick gold chain,confident,bright cyan
charcoal black,bucket hat,round sunglasses,purple velvet blazer,thick gold chain,serious,bright orange
dark brown,cowboy hat,gold rim sunglasses,multicolor graffiti jacket,thick gold chain,determined,bright orange
silver gray,newsboy cap,none,green varsity jacket,thick gold chain,calm,bright lime
ash gray,none,aviator sunglasses,yellow designer jacket,gold cuban chain,serious,bright pink
silver gray,flat cap,luxury black sunglasses,yellow designer jacket,silver pendant chain,luxury smirk,bright lime
sand brown,baseball cap,aviator sunglasses,white suit jacket,none,calm,bright purple
ash gray,beret,gold rim sunglasses,blue luxury shirt,gold pendant chain,confident,bright teal
charcoal black,newsboy cap,aviator sunglasses,plaid overshirt,none,focused,bright lavender
golden brown,flat cap,round sunglasses,purple velvet blazer,none,determined,bright red
jet black,beret,sport sunglasses,denim jacket,diamond dog tag,determined,bright mint
ash gray,flat cap,luxury black sunglasses,white suit jacket,none,determined,bright coral
ivory,wide brim hat,round sunglasses,luxury streetwear hoodie,none,relaxed,bright teal
jet black,newsboy cap,luxury black sunglasses,orange bomber jacket,none,relaxed,bright mint
charcoal black,beret,aviator sunglasses,luxury streetwear hoodie,thick gold chain,serious,bright blue
silver gray,cowboy hat,round sunglasses,blue luxury shirt,thick gold chain,luxury smirk,bright lavender
charcoal black,bowler hat,round sunglasses,racing jacket,gold pendant chain,luxury smirk,bright orange
sand brown,cowboy hat,none,orange bomber jacket,diamond dog tag,determined,bright lavender
ivory,baseball cap,gold rim sunglasses,purple velvet blazer,thick gold chain,determined,bright lime
sand brown,cowboy hat,luxury black sunglasses,luxury streetwear hoodie,thick gold chain,relaxed,bright lavender
sand brown,wide brim hat,gold rim sunglasses,white suit jacket,none,luxury smirk,bright lavender
ivory,newsboy cap,sport sunglasses,white suit jacket,silver pendant chain,determined,bright yellow
golden brown,flat cap,aviator sunglasses,black leather jacket,diamond dog tag,relaxed,bright coral
charcoal black,flat cap,square sunglasses,rockstar stage jacket,gold pendant chain,serious,bright blue
ash gray,wide brim hat,square sunglasses,black leather jacket,silver pendant chain,focused,bright pink
jet black,bucket hat,none,black leather jacket,diamond dog tag,determined,bright yellow
ivory,beret,sport sunglasses,denim jacket,gold cuban chain,serious,bright blue
ivory,bowler hat,none,purple velvet blazer,diamond dog tag,relaxed,bright purple
walnut brown,wide brim hat,round sunglasses,galaxy print jacket,gold cuban chain,serious,bright coral
ivory,none,sport sunglasses,red luxury shirt,gold pendant chain,determined,bright cyan
charcoal black,cowboy hat,luxury black sunglasses,yellow designer jacket,none,calm,bright mint
sand brown,none,round sunglasses,white suit jacket,gold pendant chain,focused,bright blue
dark brown,baseball cap,none,rockstar stage jacket,silver pendant chain,calm,bright teal
walnut brown,flat cap,aviator sunglasses,yellow designer jacket,silver pendant chain,confident,bright blue
cream,wide brim hat,square sunglasses,orange bomber jacket,gold pendant chain,relaxed,bright pink
cream,newsboy cap,round sunglasses,galaxy print jacket,gold cuban chain,determined,bright pink
jet black,fedora,aviator sunglasses,black leather jacket,silver pendant chain,serious,bright lavender
walnut brown,beret,luxury black sunglasses,plaid overshirt,silver pendant chain,serious,bright cyan
sand brown,beret,aviator sunglasses,black luxury shirt,diamond dog tag,focused,bright cyan
jet black,beret,luxury black sunglasses,plaid overshirt,thick gold chain,focused,bright coral
golden brown,bowler hat,gold rim sunglasses,rockstar stage jacket,thick gold chain,serious,bright lime
golden brown,cowboy hat,luxury black sunglasses,rockstar stage jacket,silver pendant chain,relaxed,bright pink
charcoal black,wide brim hat,gold rim sunglasses,black leather jacket,diamond dog tag,relaxed,bright yellow
charcoal black,bucket hat,aviator sunglasses,denim jacket,gold cuban chain,serious,bright purple
walnut brown,none,luxury black sunglasses,galaxy print jacket,gold pendant chain,serious,bright lime
charcoal black,beret,gold rim sunglasses,luxury streetwear hoodie,silver pendant chain,focused,bright mint
silver gray,fedora,none,white suit jacket,thick gold chain,focused,bright lavender
jet black,bucket hat,sport sunglasses,multicolor graffiti jacket,gold pendant chain,luxury smirk,bright teal
walnut brown,beret,none,black luxury shirt,silver pendant chain,determined,bright lime
golden brown,beret,round sunglasses,denim jacket,diamond dog tag,determined,bright yellow
ash gray,fedora,luxury black sunglasses,rockstar stage jacket,diamond dog tag,confident,bright blue
walnut brown,flat cap,none,rockstar stage jacket,gold pendant chain,relaxed,bright lavender
dark brown,bucket hat,aviator sunglasses,denim jacket,gold cuban chain,determined,bright purple
sand brown,cowboy hat,aviator sunglasses,black luxury shirt,silver pendant chain,focused,bright teal
jet black,none,aviator sunglasses,red luxury shirt,gold pendant chain,calm,bright pink
jet black,bucket hat,square sunglasses,luxury streetwear hoodie,none,determined,bright purple
dark brown,wide brim hat,luxury black sunglasses,white suit jacket,gold cuban chain,calm,bright pink
dark brown,newsboy cap,luxury black sunglasses,galaxy print jacket,thick gold chain,focused,bright blue
silver gray,none,square sunglasses,red luxury shirt,thick gold chain,confident,bright lime
jet black,flat cap,square sunglasses,blue luxury shirt,silver pendant chain,focused,bright mint
silver gray,wide brim hat,square sunglasses,purple velvet blazer,gold pendant chain,calm,bright purple
golden brown,cowboy hat,aviator sunglasses,black leather jacket,none,relaxed,bright blue
charcoal black,beret,square sunglasses,green varsity jacket,diamond dog tag,determined,bright lime
jet black,newsboy cap,gold rim sunglasses,white suit jacket,silver pendant chain,serious,bright coral
cream,beret,none,blue luxury shirt,silver cuban chain,confident,bright yellow
cream,beret,gold rim sunglasses,blue luxury shirt,diamond dog tag,determined,bright mint
cream,flat cap,square sunglasses,denim jacket,gold cuban chain,luxury smirk,bright cyan
silver gray,fedora,gold rim sunglasses,racing jacket,silver cuban chain,focused,bright purple
golden brown,baseball cap,square sunglasses,orange bomber jacket,gold cuban chain,relaxed,bright lavender
ivory,baseball cap,none,black luxury shirt,silver pendant chain,confident,bright blue
silver gray,wide brim hat,luxury black sunglasses,orange bomber jacket,gold cuban chain,calm,bright cyan
walnut brown,bowler hat,aviator sunglasses,denim jacket,diamond dog tag,serious,bright lime
ash gray,bowler hat,none,green varsity jacket,gold pendant chain,calm,bright teal
golden brown,beret,gold rim sunglasses,galaxy print jacket,silver pendant chain,confident,bright mint
golden brown,wide brim hat,none,white suit jacket,none,calm,bright blue
walnut brown,baseball cap,aviator sunglasses,green varsity jacket,silver cuban chain,focused,bright red
sand brown,fedora,square sunglasses,black luxury shirt,silver pendant chain,calm,bright lavender
ash gray,bucket hat,none,purple velvet blazer,gold pendant chain,serious,bright lime
walnut brown,beret,gold rim sunglasses,green varsity jacket,diamond dog tag,serious,bright mint
dark brown,fedora,aviator sunglasses,black leather jacket,gold pendant chain,luxury smirk,bright coral
dark brown,wide brim hat,aviator sunglasses,denim jacket,diamond dog tag,calm,bright red
jet black,fedora,gold rim sunglasses,yellow designer jacket,gold cuban chain,serious,bright purple
ash gray,wide brim hat,gold rim sunglasses,orange bomber jacket,silver cuban chain,focused,bright cyan
ash gray,flat cap,luxury black sunglasses,blue luxury shirt,gold pendant chain,determined,bright blue
sand brown,bowler hat,none,multicolor graffiti jacket,gold cuban chain,determined,bright lavender
charcoal black,cowboy hat,luxury black sunglasses,multicolor graffiti jacket,none,luxury smirk,bright blue
sand brown,bowler hat,none,red luxury shirt,gold pendant chain,determined,bright mint
cream,beret,none,black luxury shirt,silver pendant chain,determined,bright purple
golden brown,wide brim hat,gold rim sunglasses,denim jacket,silver pendant chain,relaxed,bright pink
golden brown,newsboy cap,round sunglasses,galaxy print jacket,silver cuban chain,confident,bright orange
dark brown,flat cap,none,multicolor graffiti jacket,gold cuban chain,luxury smirk,bright coral
jet black,fedora,round sunglasses,red luxury shirt,silver cuban chain,confident,bright red
cream,flat cap,aviator sunglasses,multicolor graffiti jacket,thick gold chain,focused,bright lime
dark brown,cowboy hat,sport sunglasses,blue luxury shirt,gold pendant chain,focused,bright orange
charcoal black,wide brim hat,none,luxury streetwear hoodie,thick gold chain,determined,bright lavender
golden brown,newsboy cap,luxury black sunglasses,green varsity jacket,thick gold chain,confident,bright red
sand brown,newsboy cap,none,galaxy print jacket,gold pendant chain,determined,bright purple
silver gray,fedora,sport sunglasses,multicolor graffiti jacket,silver pendant chain,luxury smirk,bright lavender
charcoal black,newsboy cap,gold rim sunglasses,white suit jacket,silver cuban chain,serious,bright teal
dark brown,newsboy cap,gold rim sunglasses,green varsity jacket,gold pendant chain,serious,bright coral
jet black,none,sport sunglasses,denim jacket,gold pendant chain,serious,bright cyan
walnut brown,bucket hat,aviator sunglasses,luxury streetwear hoodie,silver cuban chain,calm,bright mint
silver gray,baseball cap,sport sunglasses,purple velvet blazer,none,serious,bright pink
sand brown,baseball cap,round sunglasses,multicolor graffiti jacket,thick gold chain,confident,bright teal
ash gray,newsboy cap,none,red luxury shirt,thick gold chain,focused,bright teal
sand brown,bucket hat,luxury black sunglasses,yellow designer jacket,thick gold chain,determined,bright mint
ivory,bucket hat,aviator sunglasses,denim jacket,thick gold chain,confident,bright pink
sand brown,newsboy cap,none,yellow designer jacket,silver pendant chain,luxury smirk,bright yellow
golden brown,bucket hat,gold rim sunglasses,multicolor graffiti jacket,gold cuban chain,serious,bright teal
dark brown,wide brim hat,square sunglasses,purple velvet blazer,silver cuban chain,luxury smirk,bright teal
charcoal black,baseball cap,none,rockstar stage jacket,gold pendant chain,calm,bright coral
walnut brown,bucket hat,luxury black sunglasses,white suit jacket,silver cuban chain,relaxed,bright pink
charcoal black,none,aviator sunglasses,denim jacket,none,determined,bright mint
jet black,flat cap,luxury black sunglasses,yellow designer jacket,diamond dog tag,focused,bright pink
ivory,wide brim hat,none,orange bomber jacket,none,relaxed,bright mint
cream,fedora,aviator sunglasses,rockstar stage jacket,diamond dog tag,relaxed,bright orange
ivory,baseball cap,round sunglasses,multicolor graffiti jacket,none,luxury smirk,bright orange
dark brown,beret,sport sunglasses,white suit jacket,thick gold chain,luxury smirk,bright lime
silver gray,bowler hat,aviator sunglasses,rockstar stage jacket,none,confident,bright lavender
walnut brown,flat cap,round sunglasses,green varsity jacket,none,serious,bright lavender
silver gray,bucket hat,round sunglasses,black luxury shirt,thick gold chain,serious,bright pink
dark brown,beret,none,rockstar stage jacket,diamond dog tag,calm,bright yellow
jet black,cowboy hat,square sunglasses,blue luxury shirt,none,confident,bright cyan
ash gray,flat cap,round sunglasses,black luxury shirt,gold cuban chain,serious,bright yellow
ash gray,baseball cap,square sunglasses,multicolor graffiti jacket,gold pendant chain,determined,bright yellow
cream,bucket hat,aviator sunglasses,black leather jacket,thick gold chain,calm,bright purple
ash gray,fedora,gold rim sunglasses,black luxury shirt,gold pendant chain,calm,bright pink
walnut brown,none,round sunglasses,multicolor graffiti jacket,gold cuban chain,focused,bright orange
silver gray,none,gold rim sunglasses,orange bomber jacket,silver pendant chain,focused,bright cyan
cream,fedora,round sunglasses,plaid overshirt,thick gold chain,luxury smirk,bright orange
cream,baseball cap,square sunglasses,galaxy print jacket,gold cuban chain,focused,bright pink
cream,baseball cap,round sunglasses,luxury streetwear hoodie,gold cuban chain,calm,bright mint
cream,cowboy hat,aviator sunglasses,denim jacket,gold cuban chain,serious,bright red
golden brown,baseball cap,round sunglasses,denim jacket,silver pendant chain,relaxed,bright red
silver gray,wide brim hat,square sunglasses,red luxury shirt,gold cuban chain,luxury smirk,bright cyan
ivory,cowboy hat,none,yellow designer jacket,thick gold chain,focused,bright teal
charcoal black,bowler hat,gold rim sunglasses,blue luxury shirt,gold cuban chain,calm,bright blue
charcoal black,baseball cap,square sunglasses,black leather jacket,gold pendant chain,confident,bright blue
jet black,bucket hat,gold rim sunglasses,racing jacket,none,calm,bright mint
silver gray,flat cap,aviator sunglasses,multicolor graffiti jacket,thick gold chain,luxury smirk,bright pink
ash gray,bucket hat,luxury black sunglasses,blue luxury shirt,gold pendant chain,relaxed,bright lime
walnut brown,newsboy cap,none,plaid overshirt,diamond dog tag,determined,bright cyan
cream,cowboy hat,none,black leather jacket,none,determined,bright teal
charcoal black,none,luxury black sunglasses,purple velvet blazer,diamond dog tag,serious,bright lime
walnut brown,baseball cap,gold rim sunglasses,black leather jacket,thick gold chain,relaxed,bright mint
dark brown,newsboy cap,sport sunglasses,black luxury shirt,gold pendant chain,luxury smirk,bright blue
jet black,cowboy hat,square sunglasses,purple velvet blazer,silver cuban chain,determined,bright cyan
charcoal black,wide brim hat,square sunglasses,black leather jacket,gold pendant chain,serious,bright cyan
ivory,wide brim hat,aviator sunglasses,red luxury shirt,diamond dog tag,determined,bright red
golden brown,flat cap,gold rim sunglasses,denim jacket,none,determined,bright lime
golden brown,bucket hat,sport sunglasses,denim jacket,none,determined,bright purple
jet black,cowboy hat,sport sunglasses,black leather jacket,none,relaxed,bright red
jet black,wide brim hat,aviator sunglasses,denim jacket,gold cuban chain,focused,bright coral
golden brown,flat cap,round sunglasses,black luxury shirt,none,confident,bright purple
jet black,baseball cap,sport sunglasses,black leather jacket,gold cuban chain,focused,bright cyan
ivory,wide brim hat,sport sunglasses,red luxury shirt,thick gold chain,serious,bright teal
silver gray,fedora,round sunglasses,purple velvet blazer,gold cuban chain,relaxed,bright yellow
walnut brown,beret,gold rim sunglasses,denim jacket,diamond dog tag,focused,bright coral
dark brown,newsboy cap,round sunglasses,orange bomber jacket,none,relaxed,bright yellow
walnut brown,bowler hat,none,white suit jacket,thick gold chain,relaxed,bright purple
ivory,newsboy cap,none,black luxury shirt,silver pendant chain,relaxed,bright mint
jet black,flat cap,aviator sunglasses,racing jacket,none,confident,bright orange
cream,beret,gold rim sunglasses,white suit jacket,gold pendant chain,serious,bright coral
dark brown,cowboy hat,gold rim sunglasses,red luxury shirt,none,luxury smirk,bright purple
silver gray,fedora,aviator sunglasses,luxury streetwear hoodie,none,relaxed,bright lime
charcoal black,wide brim hat,round sunglasses,plaid overshirt,none,determined,bright teal
jet black,baseball cap,luxury black sunglasses,plaid overshirt,none,confident,bright cyan
ivory,beret,luxury black sunglasses,blue luxury shirt,gold cuban chain,relaxed,bright yellow
charcoal black,wide brim hat,gold rim sunglasses,yellow designer jacket,gold cuban chain,determined,bright cyan
charcoal black,flat cap,none,plaid overshirt,silver cuban chain,calm,bright pink
jet black,baseball cap,sport sunglasses,rockstar stage jacket,thick gold chain,determined,bright blue
silver gray,flat cap,luxury black sunglasses,multicolor graffiti jacket,diamond dog tag,luxury smirk,bright blue
charcoal black,newsboy cap,square sunglasses,racing jacket,gold pendant chain,calm,bright red
ivory,fedora,sport sunglasses,red luxury shirt,gold pendant chain,relaxed,bright yellow
ivory,beret,aviator sunglasses,yellow designer jacket,silver cuban chain,determined,bright orange
dark brown,fedora,luxury black sunglasses,white suit jacket,gold pendant chain,confident,bright pink
sand brown,cowboy hat,none,galaxy print jacket,gold cuban chain,focused,bright yellow
sand brown,baseball cap,square sunglasses,blue luxury shirt,thick gold chain,serious,bright cyan
dark brown,wide brim hat,sport sunglasses,galaxy print jacket,gold pendant chain,luxury smirk,bright red
ash gray,beret,aviator sunglasses,galaxy print jacket,diamond dog tag,relaxed,bright cyan
dark brown,flat cap,square sunglasses,purple velvet blazer,gold cuban chain,determined,bright yellow
jet black,flat cap,none,white suit jacket,diamond dog tag,serious,bright lime
golden brown,newsboy cap,luxury black sunglasses,blue luxury shirt,gold pendant chain,confident,bright lavender
sand brown,wide brim hat,none,luxury streetwear hoodie,thick gold chain,serious,bright yellow
sand brown,cowboy hat,gold rim sunglasses,blue luxury shirt,none,calm,bright purple
walnut brown,baseball cap,round sunglasses,orange bomber jacket,gold pendant chain,luxury smirk,bright coral
golden brown,none,gold rim sunglasses,white suit jacket,gold cuban chain,confident,bright cyan
golden brown,bucket hat,round sunglasses,orange bomber jacket,thick gold chain,determined,bright cyan
dark brown,flat cap,none,multicolor graffiti jacket,none,relaxed,bright lime
charcoal black,wide brim hat,sport sunglasses,galaxy print jacket,gold pendant chain,focused,bright orange
jet black,baseball cap,sport sunglasses,yellow designer jacket,silver pendant chain,focused,bright orange
ash gray,bowler hat,aviator sunglasses,red luxury shirt,diamond dog tag,focused,bright coral
charcoal black,wide brim hat,sport sunglasses,multicolor graffiti jacket,silver pendant chain,focused,bright cyan
sand brown,beret,none,denim jacket,silver cuban chain,luxury smirk,bright pink
silver gray,newsboy cap,luxury black sunglasses,galaxy print jacket,none,confident,bright lime
golden brown,wide brim hat,gold rim sunglasses,black leather jacket,thick gold chain,serious,bright orange
cream,beret,square sunglasses,denim jacket,silver pendant chain,relaxed,bright coral
sand brown,bucket hat,sport sunglasses,black leather jacket,silver cuban chain,serious,bright pink
ash gray,baseball cap,sport sunglasses,black leather jacket,gold pendant chain,serious,bright mint
ivory,baseball cap,gold rim sunglasses,green varsity jacket,silver pendant chain,calm,bright lime
ash gray,fedora,sport sunglasses,black leather jacket,silver cuban chain,calm,bright purple
jet black,fedora,luxury black sunglasses,green varsity jacket,gold cuban chain,serious,bright lavender
golden brown,bucket hat,round sunglasses,orange bomber jacket,silver cuban chain,luxury smirk,bright teal
charcoal black,flat cap,round sunglasses,black luxury shirt,gold pendant chain,luxury smirk,bright yellow
dark brown,baseball cap,square sunglasses,galaxy print jacket,none,confident,bright coral
walnut brown,none,round sunglasses,plaid overshirt,gold cuban chain,confident,bright mint
sand brown,flat cap,aviator sunglasses,multicolor graffiti jacket,gold cuban chain,determined,bright pink
charcoal black,flat cap,aviator sunglasses,red luxury shirt,gold pendant chain,relaxed,bright mint
ash gray,beret,sport sunglasses,multicolor graffiti jacket,gold pendant chain,calm,bright lime
cream,none,none,racing jacket,silver pendant chain,determined,bright red
walnut brown,bowler hat,square sunglasses,black leather jacket,silver cuban chain,determined,bright pink
silver gray,bucket hat,square sunglasses,racing jacket,thick gold chain,confident,bright orange
jet black,baseball cap,sport sunglasses,red luxury shirt,silver pendant chain,relaxed,bright coral
jet black,bucket hat,sport sunglasses,green varsity jacket,silver pendant chain,serious,bright pink
dark brown,bucket hat,luxury black sunglasses,white suit jacket,gold pendant chain,confident,bright lime
silver gray,bowler hat,square sunglasses,luxury streetwear hoodie,silver cuban chain,focused,bright mint
ash gray,cowboy hat,gold rim sunglasses,luxury streetwear hoodie,gold pendant chain,relaxed,bright cyan
cream,fedora,sport sunglasses,black luxury shirt,gold cuban chain,confident,bright teal
sand brown,bowler hat,gold rim sunglasses,galaxy print jacket,diamond dog tag,luxury smirk,bright purple
ash gray,beret,round sunglasses,green varsity jacket,diamond dog tag,relaxed,bright coral
jet black,beret,gold rim sunglasses,black luxury shirt,none,calm,bright orange
dark brown,cowboy hat,gold rim sunglasses,rockstar stage jacket,diamond dog tag,relaxed,bright orange
walnut brown,beret,round sunglasses,orange bomber jacket,thick gold chain,focused,bright purple
ivory,fedora,sport sunglasses,yellow designer jacket,thick gold chain,determined,bright lime
dark brown,none,sport sunglasses,blue luxury shirt,none,focused,bright lavender
jet black,beret,gold rim sunglasses,galaxy print jacket,silver cuban chain,serious,bright mint
ash gray,newsboy cap,square sunglasses,rockstar stage jacket,gold cuban chain,focused,bright mint
jet black,bowler hat,round sunglasses,black leather jacket,diamond dog tag,serious,bright blue
jet black,none,luxury black sunglasses,galaxy print jacket,diamond dog tag,focused,bright yellow
ivory,flat cap,none,red luxury shirt,gold pendant chain,determined,bright purple
ivory,bowler hat,gold rim sunglasses,denim jacket,silver cuban chain,luxury smirk,bright yellow
cream,cowboy hat,luxury black sunglasses,red luxury shirt,none,luxury smirk,bright lime
ivory,bucket hat,sport sunglasses,orange bomber jacket,gold cuban chain,confident,bright red
ivory,flat cap,gold rim sunglasses,green varsity jacket,gold pendant chain,luxury smirk,bright purple
walnut brown,bucket hat,none,red luxury shirt,silver pendant chain,determined,bright lime
walnut brown,baseball cap,gold rim sunglasses,plaid overshirt,silver pendant chain,determined,bright orange
charcoal black,cowboy hat,none,black luxury shirt,thick gold chain,calm,bright purple
charcoal black,flat cap,gold rim sunglasses,white suit jacket,diamond dog tag,focused,bright orange
sand brown,bowler hat,aviator sunglasses,green varsity jacket,thick gold chain,focused,bright purple
golden brown,flat cap,luxury black sunglasses,blue luxury shirt,none,luxury smirk,bright coral
cream,bowler hat,round sunglasses,red luxury shirt,thick gold chain,determined,bright blue
silver gray,cowboy hat,sport sunglasses,red luxury shirt,gold cuban chain,focused,bright mint
walnut brown,bucket hat,none,racing jacket,none,serious,bright cyan
sand brown,cowboy hat,round sunglasses,white suit jacket,silver pendant chain,determined,bright cyan
dark brown,none,round sunglasses,green varsity jacket,silver pendant chain,luxury smirk,bright pink
walnut brown,newsboy cap,luxury black sunglasses,black leather jacket,gold cuban chain,relaxed,bright orange
jet black,baseball cap,aviator sunglasses,red luxury shirt,gold pendant chain,calm,bright blue
cream,bowler hat,none,orange bomber jacket,thick gold chain,calm,bright yellow
cream,fedora,none,black leather jacket,silver pendant chain,confident,bright yellow
jet black,none,aviator sunglasses,galaxy print jacket,silver cuban chain,relaxed,bright purple
golden brown,none,square sunglasses,plaid overshirt,diamond dog tag,luxury smirk,bright mint
cream,bowler hat,luxury black sunglasses,galaxy print jacket,none,determined,bright cyan
walnut brown,newsboy cap,gold rim sunglasses,yellow designer jacket,silver cuban chain,focused,bright lime
ivory,fedora,sport sunglasses,plaid overshirt,gold cuban chain,luxury smirk,bright coral
jet black,cowboy hat,aviator sunglasses,green varsity jacket,silver cuban chain,confident,bright coral
cream,beret,luxury black sunglasses,luxury streetwear hoodie,silver pendant chain,luxury smirk,bright red
jet black,bowler hat,luxury black sunglasses,yellow designer jacket,silver cuban chain,relaxed,bright purple
cream,baseball cap,luxury black sunglasses,green varsity jacket,thick gold chain,relaxed,bright orange
golden brown,cowboy hat,none,green varsity jacket,thick gold chain,focused,bright blue
ash gray,wide brim hat,luxury black sunglasses,galaxy print jacket,silver cuban chain,determined,bright lavender
ash gray,fedora,round sunglasses,yellow designer jacket,gold cuban chain,luxury smirk,bright lavender
ivory,bowler hat,square sunglasses,purple velvet blazer,thick gold chain,focused,bright blue
jet black,newsboy cap,round sunglasses,black luxury shirt,thick gold chain,luxury smirk,bright red
silver gray,fedora,luxury black sunglasses,multicolor graffiti jacket,silver pendant chain,calm,bright purple
ash gray,baseball cap,aviator sunglasses,blue luxury shirt,diamond dog tag,relaxed,bright blue
silver gray,bowler hat,none,red luxury shirt,thick gold chain,focused,bright pink
dark brown,fedora,gold rim sunglasses,yellow designer jacket,thick gold chain,relaxed,bright pink
sand brown,none,aviator sunglasses,racing jacket,gold cuban chain,confident,bright coral
cream,none,aviator sunglasses,denim jacket,gold cuban chain,calm,bright teal
silver gray,bowler hat,round sunglasses,racing jacket,silver pendant chain,serious,bright coral
silver gray,none,none,luxury streetwear hoodie,gold cuban chain,focused,bright red
silver gray,bowler hat,sport sunglasses,galaxy print jacket,diamond dog tag,luxury smirk,bright mint
cream,flat cap,luxury black sunglasses,black leather jacket,diamond dog tag,focused,bright lime
charcoal black,bowler hat,gold rim sunglasses,yellow designer jacket,silver cuban chain,luxury smirk,bright teal
dark brown,bowler hat,aviator sunglasses,white suit jacket,diamond dog tag,confident,bright blue
dark brown,flat cap,luxury black sunglasses,black luxury shirt,silver pendant chain,calm,bright lime
charcoal black,bowler hat,sport sunglasses,denim jacket,gold pendant chain,serious,bright coral
charcoal black,flat cap,sport sunglasses,green varsity jacket,gold cuban chain,serious,bright yellow
jet black,newsboy cap,aviator sunglasses,plaid overshirt,silver cuban chain,luxury smirk,bright blue
ivory,bucket hat,square sunglasses,orange bomber jacket,silver pendant chain,determined,bright lavender
cream,baseball cap,round sunglasses,racing jacket,diamond dog tag,focused,bright red
dark brown,none,aviator sunglasses,denim jacket,silver pendant chain,confident,bright orange
dark brown,baseball cap,square sunglasses,luxury streetwear hoodie,gold pendant chain,confident,bright mint
ivory,beret,aviator sunglasses,orange bomber jacket,thick gold chain,relaxed,bright blue
jet black,newsboy cap,square sunglasses,blue luxury shirt,silver pendant chain,determined,bright coral
ivory,newsboy cap,gold rim sunglasses,black luxury shirt,diamond dog tag,determined,bright lavender
sand brown,wide brim hat,sport sunglasses,plaid overshirt,diamond dog tag,luxury smirk,bright teal
silver gray,beret,luxury black sunglasses,luxury streetwear hoodie,none,determined,bright teal
charcoal black,flat cap,square sunglasses,galaxy print jacket,gold cuban chain,determined,bright mint
golden brown,flat cap,sport sunglasses,green varsity jacket,none,serious,bright pink
charcoal black,cowboy hat,sport sunglasses,black leather jacket,none,confident,bright purple
walnut brown,none,round sunglasses,purple velvet blazer,none,focused,bright cyan
cream,baseball cap,aviator sunglasses,galaxy print jacket,diamond dog tag,relaxed,bright cyan
cream,none,square sunglasses,galaxy print jacket,silver cuban chain,determined,bright teal
ash gray,wide brim hat,sport sunglasses,luxury streetwear hoodie,thick gold chain,determined,bright cyan
ash gray,cowboy hat,square sunglasses,plaid overshirt,none,calm,bright coral
silver gray,baseball cap,square sunglasses,rockstar stage jacket,silver cuban chain,serious,bright coral
golden brown,wide brim hat,luxury black sunglasses,orange bomber jacket,diamond dog tag,serious,bright blue
charcoal black,beret,round sunglasses,red luxury shirt,diamond dog tag,determined,bright cyan
dark brown,none,none,luxury streetwear hoodie,diamond dog tag,calm,bright teal
ivory,baseball cap,aviator sunglasses,orange bomber jacket,none,calm,bright blue
golden brown,baseball cap,gold rim sunglasses,orange bomber jacket,gold pendant chain,serious,bright yellow
sand brown,fedora,aviator sunglasses,black leather jacket,gold pendant chain,focused,bright red
ash gray,fedora,gold rim sunglasses,multicolor graffiti jacket,gold cuban chain,calm,bright mint
jet black,wide brim hat,sport sunglasses,white suit jacket,none,serious,bright orange
charcoal black,bucket hat,gold rim sunglasses,red luxury shirt,gold pendant chain,luxury smirk,bright yellow
ash gray,fedora,square sunglasses,rockstar stage jacket,silver pendant chain,calm,bright cyan
ivory,bucket hat,round sunglasses,galaxy print jacket,diamond dog tag,luxury smirk,bright coral
cream,fedora,luxury black sunglasses,black luxury shirt,silver pendant chain,calm,bright lavender
charcoal black,cowboy hat,aviator sunglasses,multicolor graffiti jacket,diamond dog tag,luxury smirk,bright pink
sand brown,bowler hat,sport sunglasses,multicolor graffiti jacket,gold cuban chain,luxury smirk,bright blue
sand brown,fedora,none,red luxury shirt,none,calm,bright coral
jet black,bucket hat,sport sunglasses,black leather jacket,silver cuban chain,relaxed,bright orange
jet black,baseball cap,luxury black sunglasses,racing jacket,silver cuban chain,serious,bright cyan
charcoal black,beret,luxury black sunglasses,luxury streetwear hoodie,gold cuban chain,determined,bright purple
jet black,bucket hat,none,white suit jacket,none,relaxed,bright cyan
golden brown,fedora,round sunglasses,white suit jacket,gold cuban chain,focused,bright lime
sand brown,flat cap,none,purple velvet blazer,diamond dog tag,calm,bright coral
jet black,cowboy hat,sport sunglasses,purple velvet blazer,thick gold chain,relaxed,bright cyan
silver gray,beret,aviator sunglasses,purple velvet blazer,silver pendant chain,focused,bright lime
dark brown,cowboy hat,luxury black sunglasses,red luxury shirt,none,determined,bright lavender
dark brown,bowler hat,aviator sunglasses,luxury streetwear hoodie,gold pendant chain,determined,bright pink
golden brown,bowler hat,none,denim jacket,thick gold chain,confident,bright yellow
jet black,flat cap,sport sunglasses,purple velvet blazer,silver pendant chain,relaxed,bright teal
charcoal black,bowler hat,round sunglasses,racing jacket,diamond dog tag,focused,bright orange
walnut brown,bucket hat,gold rim sunglasses,white suit jacket,none,confident,bright cyan
golden brown,cowboy hat,sport sunglasses,red luxury shirt,thick gold chain,serious,bright pink
jet black,bowler hat,none,rockstar stage jacket,gold cuban chain,serious,bright blue
walnut brown,bucket hat,square sunglasses,black luxury shirt,gold pendant chain,determined,bright blue
charcoal black,none,square sunglasses,denim jacket,gold pendant chain,focused,bright teal
charcoal black,newsboy cap,square sunglasses,black leather jacket,gold cuban chain,relaxed,bright pink
charcoal black,bowler hat,aviator sunglasses,luxury streetwear hoodie,silver pendant chain,relaxed,bright coral
silver gray,flat cap,aviator sunglasses,purple velvet blazer,silver cuban chain,luxury smirk,bright yellow
ivory,none,gold rim sunglasses,black luxury shirt,silver pendant chain,serious,bright cyan
walnut brown,cowboy hat,sport sunglasses,denim jacket,diamond dog tag,calm,bright teal
charcoal black,none,aviator sunglasses,rockstar stage jacket,gold cuban chain,determined,bright mint
jet black,none,gold rim sunglasses,purple velvet blazer,thick gold chain,calm,bright pink
dark brown,flat cap,round sunglasses,white suit jacket,silver cuban chain,relaxed,bright lime
ivory,newsboy cap,round sunglasses,rockstar stage jacket,silver pendant chain,luxury smirk,bright blue
walnut brown,none,none,black leather jacket,diamond dog tag,focused,bright pink
dark brown,flat cap,luxury black sunglasses,racing jacket,thick gold chain,serious,bright coral
jet black,none,square sunglasses,purple velvet blazer,diamond dog tag,serious,bright lavender
silver gray,none,luxury black sunglasses,luxury streetwear hoodie,silver cuban chain,confident,bright cyan
charcoal black,fedora,square sunglasses,galaxy print jacket,thick gold chain,relaxed,bright cyan
cream,fedora,round sunglasses,galaxy print jacket,silver pendant chain,determined,bright purple
ivory,bucket hat,round sunglasses,blue luxury shirt,silver pendant chain,determined,bright teal
cream,bowler hat,square sunglasses,red luxury shirt,silver pendant chain,serious,bright cyan
golden brown,bucket hat,round sunglasses,galaxy print jacket,silver pendant chain,focused,bright red
ash gray,fedora,none,green varsity jacket,silver pendant chain,confident,bright lavender
golden brown,none,square sunglasses,red luxury shirt,silver pendant chain,luxury smirk,bright lavender
cream,wide brim hat,gold rim sunglasses,green varsity jacket,silver pendant chain,confident,bright blue
walnut brown,fedora,sport sunglasses,purple velvet blazer,none,confident,bright orange
cream,newsboy cap,none,white suit jacket,silver pendant chain,calm,bright pink
dark brown,beret,gold rim sunglasses,orange bomber jacket,silver cuban chain,confident,bright teal
charcoal black,beret,round sunglasses,luxury streetwear hoodie,none,determined,bright lime
ash gray,newsboy cap,luxury black sunglasses,yellow designer jacket,gold cuban chain,focused,bright teal
sand brown,newsboy cap,none,white suit jacket,gold pendant chain,relaxed,bright yellow
ash gray,bowler hat,gold rim sunglasses,galaxy print jacket,silver cuban chain,confident,bright cyan
ash gray,newsboy cap,round sunglasses,multicolor graffiti jacket,silver pendant chain,focused,bright lime
charcoal black,baseball cap,sport sunglasses,black leather jacket,gold pendant chain,focused,bright lime
ivory,newsboy cap,gold rim sunglasses,racing jacket,gold cuban chain,calm,bright yellow
charcoal black,none,square sunglasses,denim jacket,thick gold chain,calm,bright pink
silver gray,baseball cap,sport sunglasses,black leather jacket,silver cuban chain,focused,bright cyan
ash gray,bucket hat,luxury black sunglasses,purple velvet blazer,gold pendant chain,calm,bright mint
sand brown,none,luxury black sunglasses,denim jacket,diamond dog tag,luxury smirk,bright coral
ash gray,cowboy hat,round sunglasses,white suit jacket,gold cuban chain,luxury smirk,bright red
cream,beret,square sunglasses,white suit jacket,gold cuban chain,determined,bright pink
golden brown,bucket hat,none,multicolor graffiti jacket,thick gold chain,focused,bright pink
golden brown,flat cap,gold rim sunglasses,yellow designer jacket,gold cuban chain,calm,bright blue
silver gray,flat cap,aviator sunglasses,white suit jacket,thick gold chain,focused,bright orange
ash gray,bowler hat,square sunglasses,green varsity jacket,diamond dog tag,luxury smirk,bright mint
cream,newsboy cap,round sunglasses,orange bomber jacket,thick gold chain,confident,bright pink
golden brown,flat cap,square sunglasses,galaxy print jacket,none,determined,bright lime
dark brown,flat cap,square sunglasses,white suit jacket,thick gold chain,luxury smirk,bright red
walnut brown,wide brim hat,luxury black sunglasses,rockstar stage jacket,thick gold chain,relaxed,bright lavender
walnut brown,newsboy cap,aviator sunglasses,green varsity jacket,diamond dog tag,relaxed,bright lavender
charcoal black,bucket hat,gold rim sunglasses,denim jacket,silver cuban chain,focused,bright red
ivory,cowboy hat,sport sunglasses,yellow designer jacket,none,focused,bright lime
sand brown,cowboy hat,square sunglasses,galaxy print jacket,silver pendant chain,relaxed,bright teal
charcoal black,baseball cap,aviator sunglasses,red luxury shirt,gold cuban chain,relaxed,bright teal
ash gray,bucket hat,none,white suit jacket,silver pendant chain,relaxed,bright teal
ivory,none,none,racing jacket,gold pendant chain,confident,bright blue
golden brown,wide brim hat,round sunglasses,orange bomber jacket,gold pendant chain,confident,bright teal
walnut brown,beret,none,blue luxury shirt,silver cuban chain,focused,bright orange
ash gray,fedora,none,blue luxury shirt,diamond dog tag,determined,bright lavender
silver gray,wide brim hat,aviator sunglasses,orange bomber jacket,thick gold chain,calm,bright pink
ivory,flat cap,aviator sunglasses,black luxury shirt,thick gold chain,focused,bright purple
dark brown,newsboy cap,square sunglasses,purple velvet blazer,diamond dog tag,determined,bright cyan
ash gray,none,square sunglasses,plaid overshirt,gold pendant chain,focused,bright lavender
cream,baseball cap,round sunglasses,purple velvet blazer,silver pendant chain,luxury smirk,bright teal
charcoal black,flat cap,luxury black sunglasses,denim jacket,gold pendant chain,luxury smirk,bright mint
silver gray,baseball cap,none,red luxury shirt,gold cuban chain,luxury smirk,bright yellow
charcoal black,none,sport sunglasses,galaxy print jacket,silver pendant chain,calm,bright cyan
silver gray,wide brim hat,round sunglasses,denim jacket,silver pendant chain,confident,bright yellow
walnut brown,bucket hat,gold rim sunglasses,yellow designer jacket,thick gold chain,determined,bright red
walnut brown,newsboy cap,sport sunglasses,racing jacket,none,focused,bright purple
ash gray,newsboy cap,square sunglasses,rockstar stage jacket,none,luxury smirk,bright mint
jet black,cowboy hat,aviator sunglasses,racing jacket,diamond dog tag,determined,bright lavender
silver gray,flat cap,aviator sunglasses,black leather jacket,none,serious,bright lavender
cream,bowler hat,round sunglasses,black leather jacket,silver pendant chain,serious,bright red
ivory,cowboy hat,sport sunglasses,denim jacket,diamond dog tag,determined,bright lime
golden brown,wide brim hat,sport sunglasses,luxury streetwear hoodie,thick gold chain,luxury smirk,bright red
jet black,wide brim hat,sport sunglasses,rockstar stage jacket,gold cuban chain,determined,bright cyan
ivory,wide brim hat,sport sunglasses,black leather jacket,diamond dog tag,determined,bright purple
golden brown,wide brim hat,none,denim jacket,silver pendant chain,determined,bright lavender
cream,newsboy cap,gold rim sunglasses,rockstar stage jacket,silver cuban chain,serious,bright teal
ivory,wide brim hat,sport sunglasses,black leather jacket,silver pendant chain,calm,bright purple
golden brown,bowler hat,round sunglasses,orange bomber jacket,thick gold chain,luxury smirk,bright teal
ash gray,baseball cap,aviator sunglasses,orange bomber jacket,gold cuban chain,confident,bright yellow
walnut brown,beret,square sunglasses,plaid overshirt,diamond dog tag,relaxed,bright pink
ivory,bowler hat,luxury black sunglasses,racing jacket,silver cuban chain,luxury smirk,bright pink
charcoal black,cowboy hat,round sunglasses,purple velvet blazer,gold cuban chain,focused,bright lime
sand brown,wide brim hat,aviator sunglasses,black leather jacket,none,luxury smirk,bright mint
charcoal black,none,aviator sunglasses,black leather jacket,silver pendant chain,luxury smirk,bright orange
jet black,bowler hat,aviator sunglasses,galaxy print jacket,gold cuban chain,luxury smirk,bright lavender
cream,bowler hat,sport sunglasses,rockstar stage jacket,silver cuban chain,serious,bright coral
walnut brown,flat cap,round sunglasses,black luxury shirt,silver pendant chain,serious,bright purple
jet black,bowler hat,gold rim sunglasses,black leather jacket,none,serious,bright lime
silver gray,bucket hat,aviator sunglasses,black luxury shirt,silver cuban chain,calm,bright coral
cream,bowler hat,luxury black sunglasses,black leather jacket,none,luxury smirk,bright lavender
dark brown,flat cap,square sunglasses,yellow designer jacket,gold cuban chain,focused,bright cyan
walnut brown,bucket hat,luxury black sunglasses,denim jacket,silver pendant chain,serious,bright lavender
cream,baseball cap,gold rim sunglasses,blue luxury shirt,none,luxury smirk,bright blue
ivory,newsboy cap,square sunglasses,multicolor graffiti jacket,silver pendant chain,confident,bright cyan
dark brown,newsboy cap,square sunglasses,multicolor graffiti jacket,thick gold chain,confident,bright orange
walnut brown,cowboy hat,square sunglasses,blue luxury shirt,silver cuban chain,luxury smirk,bright lime
silver gray,bucket hat,square sunglasses,denim jacket,diamond dog tag,luxury smirk,bright teal
silver gray,wide brim hat,square sunglasses,galaxy print jacket,thick gold chain,confident,bright mint
ash gray,bowler hat,sport sunglasses,denim jacket,diamond dog tag,relaxed,bright lavender
silver gray,fedora,luxury black sunglasses,galaxy print jacket,none,determined,bright blue
ash gray,bowler hat,sport sunglasses,plaid overshirt,silver cuban chain,luxury smirk,bright lime
ivory,bowler hat,aviator sunglasses,yellow designer jacket,gold cuban chain,focused,bright cyan
golden brown,fedora,sport sunglasses,rockstar stage jacket,gold pendant chain,serious,bright cyan
cream,flat cap,aviator sunglasses,orange bomber jacket,gold cuban chain,determined,bright yellow
sand brown,baseball cap,luxury black sunglasses,blue luxury shirt,silver pendant chain,confident,bright yellow
silver gray,bucket hat,round sunglasses,red luxury shirt,diamond dog tag,determined,bright teal
golden brown,baseball cap,round sunglasses,luxury streetwear hoodie,silver cuban chain,confident,bright lavender
sand brown,beret,round sunglasses,racing jacket,gold pendant chain,calm,bright cyan
sand brown,beret,sport sunglasses,plaid overshirt,thick gold chain,relaxed,bright teal
ivory,bowler hat,square sunglasses,multicolor graffiti jacket,diamond dog tag,luxury smirk,bright red
charcoal black,beret,luxury black sunglasses,green varsity jacket,silver cuban chain,focused,bright cyan
charcoal black,bucket hat,luxury black sunglasses,yellow designer jacket,diamond dog tag,determined,bright yellow
charcoal black,none,aviator sunglasses,yellow designer jacket,none,focused,bright coral
ivory,cowboy hat,none,luxury streetwear hoodie,silver cuban chain,serious,bright orange
charcoal black,newsboy cap,square sunglasses,denim jacket,none,confident,bright cyan
dark brown,newsboy cap,none,red luxury shirt,diamond dog tag,determined,bright lime
golden brown,beret,none,green varsity jacket,gold pendant chain,calm,bright lavender
jet black,fedora,round sunglasses,purple velvet blazer,silver pendant chain,relaxed,bright lime
walnut brown,none,square sunglasses,purple velvet blazer,thick gold chain,serious,bright yellow
ivory,cowboy hat,none,plaid overshirt,none,luxury smirk,bright orange
ash gray,newsboy cap,sport sunglasses,black leather jacket,gold pendant chain,confident,bright lavender
cream,none,luxury black sunglasses,green varsity jacket,diamond dog tag,determined,bright teal
ivory,cowboy hat,sport sunglasses,black leather jacket,gold pendant chain,calm,bright orange
charcoal black,cowboy hat,round sunglasses,plaid overshirt,gold pendant chain,focused,bright teal
walnut brown,wide brim hat,luxury black sunglasses,multicolor graffiti jacket,none,relaxed,bright purple
cream,cowboy hat,round sunglasses,rockstar stage jacket,none,relaxed,bright lime
cream,wide brim hat,gold rim sunglasses,black luxury shirt,gold pendant chain,focused,bright purple
sand brown,baseball cap,none,orange bomber jacket,diamond dog tag,luxury smirk,bright purple
walnut brown,beret,gold rim sunglasses,blue luxury shirt,silver cuban chain,serious,bright lavender
walnut brown,bowler hat,square sunglasses,denim jacket,silver cuban chain,luxury smirk,bright teal
ash gray,baseball cap,sport sunglasses,green varsity jacket,gold pendant chain,serious,bright purple
walnut brown,bowler hat,none,green varsity jacket,none,serious,bright pink
dark brown,none,luxury black sunglasses,red luxury shirt,gold cuban chain,relaxed,bright lime
ivory,beret,square sunglasses,white suit jacket,gold cuban chain,focused,bright lime
cream,bowler hat,gold rim sunglasses,yellow designer jacket,silver cuban chain,calm,bright lime
charcoal black,wide brim hat,none,black leather jacket,gold pendant chain,determined,bright coral
charcoal black,cowboy hat,none,orange bomber jacket,thick gold chain,confident,bright yellow
walnut brown,newsboy cap,sport sunglasses,black luxury shirt,silver cuban chain,calm,bright red
dark brown,beret,square sunglasses,red luxury shirt,gold pendant chain,relaxed,bright lime
silver gray,none,gold rim sunglasses,plaid overshirt,gold pendant chain,determined,bright coral
jet black,beret,square sunglasses,orange bomber jacket,diamond dog tag,determined,bright teal
silver gray,flat cap,luxury black sunglasses,green varsity jacket,none,serious,bright lavender
dark brown,none,aviator sunglasses,black leather jacket,diamond dog tag,luxury smirk,bright lime
cream,newsboy cap,gold rim sunglasses,black leather jacket,thick gold chain,calm,bright blue
ivory,beret,square sunglasses,multicolor graffiti jacket,silver pendant chain,focused,bright blue
charcoal black,cowboy hat,aviator sunglasses,multicolor graffiti jacket,none,relaxed,bright blue
golden brown,cowboy hat,gold rim sunglasses,red luxury shirt,gold cuban chain,luxury smirk,bright mint
walnut brown,flat cap,none,rockstar stage jacket,silver cuban chain,calm,bright coral
ivory,baseball cap,round sunglasses,rockstar stage jacket,silver pendant chain,confident,bright orange
dark brown,fedora,luxury black sunglasses,white suit jacket,gold cuban chain,calm,bright orange
golden brown,bowler hat,none,black leather jacket,thick gold chain,relaxed,bright orange
cream,fedora,square sunglasses,multicolor graffiti jacket,silver cuban chain,luxury smirk,bright mint
golden brown,wide brim hat,gold rim sunglasses,denim jacket,none,confident,bright purple
jet black,bucket hat,luxury black sunglasses,multicolor graffiti jacket,gold cuban chain,luxury smirk,bright lime
ash gray,wide brim hat,luxury black sunglasses,red luxury shirt,none,focused,bright coral
cream,none,luxury black sunglasses,purple velvet blazer,none,determined,bright blue
silver gray,beret,luxury black sunglasses,black leather jacket,silver cuban chain,focused,bright cyan
golden brown,cowboy hat,square sunglasses,purple velvet blazer,diamond dog tag,serious,bright pink
jet black,flat cap,sport sunglasses,green varsity jacket,silver pendant chain,focused,bright coral
cream,fedora,round sunglasses,purple velvet blazer,thick gold chain,luxury smirk,bright teal
sand brown,bowler hat,round sunglasses,rockstar stage jacket,diamond dog tag,confident,bright lime
golden brown,bucket hat,gold rim sunglasses,racing jacket,silver cuban chain,luxury smirk,bright lime
walnut brown,baseball cap,round sunglasses,yellow designer jacket,gold pendant chain,calm,bright lime
golden brown,baseball cap,sport sunglasses,black luxury shirt,gold cuban chain,focused,bright lavender
ivory,fedora,aviator sunglasses,purple velvet blazer,silver pendant chain,luxury smirk,bright red
charcoal black,baseball cap,none,racing jacket,gold pendant chain,confident,bright blue
silver gray,flat cap,luxury black sunglasses,luxury streetwear hoodie,gold pendant chain,calm,bright pink
jet black,none,round sunglasses,plaid overshirt,silver cuban chain,confident,bright orange
sand brown,cowboy hat,none,rockstar stage jacket,thick gold chain,serious,bright blue
charcoal black,none,sport sunglasses,racing jacket,none,serious,bright coral
cream,beret,gold rim sunglasses,multicolor graffiti jacket,thick gold chain,calm,bright cyan
charcoal black,newsboy cap,gold rim sunglasses,purple velvet blazer,gold cuban chain,confident,bright purple
ash gray,baseball cap,aviator sunglasses,orange bomber jacket,diamond dog tag,relaxed,bright cyan
charcoal black,bucket hat,sport sunglasses,orange bomber jacket,silver pendant chain,serious,bright mint
silver gray,bucket hat,gold rim sunglasses,green varsity jacket,diamond dog tag,focused,bright orange
golden brown,cowboy hat,round sunglasses,red luxury shirt,thick gold chain,serious,bright cyan
ash gray,cowboy hat,luxury black sunglasses,white suit jacket,silver cuban chain,calm,bright yellow
dark brown,baseball cap,luxury black sunglasses,plaid overshirt,gold cuban chain,focused,bright purple
charcoal black,baseball cap,aviator sunglasses,multicolor graffiti jacket,gold pendant chain,luxury smirk,bright mint
ash gray,flat cap,sport sunglasses,denim jacket,gold cuban chain,calm,bright red
cream,cowboy hat,aviator sunglasses,luxury streetwear hoodie,gold pendant chain,determined,bright red
ash gray,bowler hat,luxury black sunglasses,plaid overshirt,none,relaxed,bright orange
dark brown,beret,gold rim sunglasses,blue luxury shirt,silver cuban chain,determined,bright mint
ash gray,beret,gold rim sunglasses,galaxy print jacket,silver cuban chain,determined,bright red
charcoal black,bowler hat,aviator sunglasses,black luxury shirt,none,determined,bright lavender
ivory,fedora,gold rim sunglasses,white suit jacket,none,determined,bright yellow
sand brown,bucket hat,sport sunglasses,galaxy print jacket,gold cuban chain,determined,bright teal